email,password,firstName,lastName,phone,location,photoPath,role
mehadi12@gmail.com,mehadi12,Mehadi,Talha,01521745815,Jashore,file:/C:/Users/shahf/Downloads/552082180_1326527722459204_5381262991775450432_n.jpg,USER
fahim@gmail.com,admin123,Fahim,Admin,,Dhaka,,ADMIN
fahim12@gmail.com,Fahim,Fahim,Shahryar,01581833575,Nilphamari,file:/F:/Hall%20fest/Me/WhatsApp%20Image%202024-12-05%20at%2001.14.41_eefe22bd.jpg,USER
sanjida@gmail.com,admin123,Sanjida,Admin,,Dhaka,,ADMIN
talha@gmail.com,admin123,Talha,Admin,,Dhaka,,ADMIN
sanjida21@gmail.com,sanjida123,Sanjida,Islam,01532464684,Rangpur,file:/C:/Users/shahf/Downloads/515281959_769831585371755_6308131669012012782_n.jpg,USER
